<?xml version="1.0" ?><configuration plugin="alteradmin">
	<settings name="settings">
		<set name="autoUpdate">1</set> <!-- set to 1 if you automatically want to receive new alteradmin updates -->
		<set name="mapfile">@b3/extplugins/conf/maplist.txt</set> <!-- txt file containing a list of maps that can be used with commands like !map -->
		<set name="b3root">@b3</set> <!-- do not alter unless you know what you are doing -->
		<set name="modfile">@b3/extplugins/conf/modlist.txt</set> <!-- txt file containing a list of mods that can be used with commands like !mod -->
		<set name="gametypefile">@b3/extplugins/conf/gametypelist.txt</set> <!-- txt file containing a list of gametypes that can be used with commands like !gametype -->
		<set name="ipbansfile">@b3/extplugins/conf/ipbans.txt</set><!-- list of ips that are banned -->
		<set name="voteTime">120</set><!-- durance of a vote -->
		<set name="minVoteRatio">2</set><!-- ratio of players that need to agree on a vote -->
		<set name="minVoteRatioBan">3</set><!-- ratio of players that need to agree on a ban vote -->
		<set name="tempbaninterval">1800</set><!-- time in seconds that a player is banned with !voteban -->
		<set name="voteCooldown">180</set><!-- time in seconds untill the player can do another vote after he failed horrible with his previous vote -->
		<set name="lastMapLimit">3</set><!-- amount of maps shown when issuing !lastmap -->
		<set name="mostplayedLimit">10</set><!-- amount of maps shown when issuing !mostplayed -->
		<set name="pushoverUserKey"/> <!-- User Key get it by registering an account at https://pushover.net/ -->
		<set name="pushoverAppToken"/> <!-- Application token, get it by creating a new application after registering an account at https://pushover.net/apps -->
		<set name="dbSave">1</set> <!-- enables or disables alteradmin extra db functionality, for instance !ignore and the re-enable of !damage and !fps depends on this -->
		<set name="socketEnable">0</set> <!-- Enables third party applications to interact with this plugin. Alteradmin app or any other third party application. (This feature is still in development) -->
		<set name="appPort">7001</set> <!-- Port number to which the socket server binds to. In simple terms, the port number that you fill in the AlterAdmin app ;D (need to enable socketEnable) -->
		<set name="mistakeLimit">30</set> <!-- Amount of mistakes/spam untill ban the client of spam and don't connnections to the app socket (define mistake = invalid login, invalid command request or below level request) -->
	</settings>
	<!-- below is a list of all alteradmins commands and the minimal user level to use these -->
	<settings name="commands">
		<set name="rcon">100</set>
		<set name="ipban">80</set>
		<set name="xuid">80</set>
	 <!-- <set name="mod">60</set> -->
		<set name="spawn">60</set>
		<!-- <set name="veto">60</set> -->
		<set name="kill">60</set>
		<!-- <set name="hardcore">40</set> -->
		<!-- <set name="friendlyfire-ff">40</set> -->
		<!-- <set name="killcam">40</set>
		<set name="scorelimit">40</set>
		<set name="timelimit">40</set>
		<set name="roundlimit-winlimit">40</set>
		<set name="numlives">40</set>
		<set name="spectate">40</set> -->
		<set name="clientip-ip">40</set>
		<!-- <set name="timescale-time">40</set>
		<set name="speed">40</set>
        <set name="gravity">40</set> -->
		<set name="ipalias">40</set>
		<!-- <set name="reset">40</set>
		<set name="jump-jmp">40</set>
		<set name="reload">40</set> 
		<set name="maprestart">20</set>
        <set name="fastrestart-fr">20</set> 
        <set name="gametype">20</set>
        <set name="fgametype">20</set> -->
        <set name="setgametype">20</set>
		<!-- <set name="map">20</set>
		<set name="fmap">20</set> -->
		<set name="setmap">20</set>
		<set name="teamswitch-ts">20</set>
		<!-- <set name="scaryshot">20</set>
		<set name="scarynade">20</set>
		<set name="team">20</set> -->
		<set name="saybold-sb">20</set>
		<!-- <set name="spectator-spec">20</set> -->
		<set name="teambalance-balance">20</set>
		<!-- <set name="teleport-tp">20</set>
		<set name="compensate">20</set>
		<set name="explode">20</set>
		<set name="adddeath-adddeaths">20</set>
		<set name="addkill-addkills">20</set>
		<set name="addscore">20</set>
		<set name="resetscore-resetplayer">20</set>
		<set name="shock">20</set>
		<set name="endmap-end">20</set> -->
		<!-- vote commands are made with for administrators on the server, so the admin can call a vote and see who agrees easily -->
		<!-- <set name="callvote-vote">20</set>
		<set name="voteban-vb">20</set>
		<set name="voterestart-vr">20</set>
		<set name="votemap-vm">20</set>
		<set name="votemod-vmd">20</set>
		<set name="votegametype-vg">20</set>
		<set name="votekick-vk">1</set>
		<set name="mostplayed">1</set>
		<set name="maplist-mlist">1</set>
		<set name="modlist-mdlist">1</set>
		<set name="gametypelist-gtlist">1</set> -->
		<set name="pm">1</set>
		<!-- <set name="ignore-block">1</set> -->
		<set name="ragequit">1</set>
		<!-- <set name="damage-dmg">1</set>
		<set name="laser">1</set> -->
		<set name="timeplayed">1</set>
		<!-- <set name="app">1</set> -->
		<!-- <set name="votestatus-vs">1</set> -->
		<set name="lastmap-prevmap">1</set>
		<!-- <set name="fpsboost-fboost">0</set> -->
		<!-- <set name="yes-y">0</set>
		<set name="no-n">0</set> -->
		<set name="toadmins-pm">1</set>
	<!-- <set name="voterestart">1</set></settings> -->
</configuration>