<configuration plugin="extraadmin">

	<settings name="settings">

	<!-- To reverse two players teams -->
		<set name="min_level_change">20</set>
    	
	<!-- To kick or force spec afk players -->
		<set name="min_level_kafk">20</set>
		<set name="min_level_afk">20</set>
		<set name="time_afk">10</set>
		<set name="time_kafk">10</set>
    	
	<!-- To pm a player when you are spectator-->  
		<set name="min_level_pm">20</set>
    	
	<!-- To say hello to a player with bigtext-->  
		<set name="min_level_salut">20</set>
    	  	
	<!-- To show ip of a player on player connect-->  
		<set name="showIP">0</set>
    	
	<!-- To nuke to death -->
		<set name="min_level_autonuke">60</set>
    	
	<!-- To put on a definite map, gametype if number of player < or = limit-->
		<set name="RAZ_server">0</set>
		<set name="RAZ_map">ut4_abbey</set>
		<set name="RAZ_gametype">7</set>
		<set name="RAZ_limit">0</set>

	<!-- Show next player disconnected-->
		<set name="min_level_exit">20</set>
	<!-- To Unban last disconnect player-->
		<set name="min_level_unbanexit">20</set>

	<!-- Show the moderator online-->
		<set name="min_level_modos">20</set>

	</settings>
</configuration>
