<configuration plugin="follow">
	<settings name="commands">
		<set name="follow-ff">60</set>
		<set name="unfollow-uf">100</set>
		<set name="listfollow-lif">20</set>
		<set name="checkfollow-ckf">20</set>
		<set name="syncfollow">40</set>
		<set name="followinfo-fli">20</set>
	</settings>
	<settings name="settings">
		<!-- Users above this level will get notified -->
		<set name="notify_level">20</set>
		<!-- Do you want to remove the banned user from follow list? -->
		<set name="remove_banned">true</set>
        <!-- Remove when banned by b3 (ie, no admin intervention) -->
		<set name="remove_on_b3ban">false</set>
        <!-- Ban with duration less than this value won't be raise a remove -->
		<set name="remove_ban_minduration">525948</set> <!-- 1 month -->
		<!-- Do you want to enable twitter integration? -->
		<set name="twit_connect">true</set>
		<!-- Message to be sent -->
		<set name="message">^1WARNING: ^2%(client_name)s ^7[^2@%(client_id)s^7] ^3has been placed under watch by ^5%(admin_name)s ^7[^2@%(admin_id)s^7] ^3for: ^4%(reason)s</set>
	</settings>
</configuration>
