<?xml version="1.0" ?><configuration plugin="htadmin">
	<settings name="settings">
		<set name="autoUpdate">1</set> <!-- set to 1 if you automatically want to receive new smvadmin updates -->
		<set name="mapfile">@b3/extplugins/conf/maplist.txt</set> <!-- txt file containing a list of maps that can be used with commands like !map -->
		<set name="b3root">@b3</set> <!-- do not alter unless you know what you are doing -->
		<set name="modfile">@b3/extplugins/conf/modlist.txt</set> <!-- txt file containing a list of mods that can be used with commands like !mod -->
		<set name="gametypefile">@b3/extplugins/conf/gametypelist.txt</set> <!-- txt file containing a list of gametypes that can be used with commands like !gametype -->
		<set name="ipbansfile">@b3/extplugins/conf/ipbans.txt</set><!-- list of ips that are banned -->
		<set name="readmefile">@b3/extplugins/conf/readme.txt</set> 
		<set name="voteTime">90</set><!-- durance of a vote -->
		<set name="minVoteRatio">2</set><!-- ratio of players that need to agree on a vote -->
		<set name="minVoteRatioBan">2</set><!-- ratio of players that need to agree on a ban vote -->
		<set name="tempbaninterval">1800</set><!-- time in seconds that a player is banned with !voteban -->
		<set name="voteCooldown">180</set><!-- time in seconds untill the player can do another vote after he failed horrible with his previous vote -->
		<set name="lastMapLimit">3</set><!-- amount of maps shown when issuing !lastmap -->
		<set name="mostplayedLimit">10</set><!-- amount of maps shown when issuing !mostplayed -->
		<set name="pushoverUserKey"></set> <!-- User Key get it by registering an account at https://pushover.net/ -->
		<set name="pushoverAppToken"></set> <!-- Application token, get it by creating a new application after registering an account at https://pushover.net/apps -->
		<set name="dbSave">1</set> <!-- enables or disables smvadmin extra db functionality, for instance !ignore and the re-enable of !damage and !fps depends on this -->
		<set name="socketEnable">0</set> <!-- Enables third party applications to interact with this plugin. Smvadmin app or any other third party application. (This feature is still in development) -->
		<set name="appPort">7001</set> <!-- Port number to which the socket server binds to. In simple terms, the port number that you fill in the SmvAdmin app ;D (need to enable socketEnable) -->
		<set name="mistakeLimit">30</set> <!-- Amount of mistakes/spam untill ban the client of spam and don't connnections to the app socket (define mistake = invalid login, invalid command request or below level request) -->
        <set name="weapgame_minlevel">80</set> <!--Min level to use Weopon game mode without switching to vote (!sniper, !deagle....etc)-->
	</settings>
	<!-- below is a list of all smvadmins commands and the minimal user level to use these -->
	<settings name="commands">
		<set name="reloads">100</set>
		<set name="rcon">100</set>
		<set name="setgametype">100</set><!--do not remove-->
		<set name="setmap">100</set><!--do not remove-->
        <set name="adminlist">100</set>
        <set name="listids">1</set>
		<set name="ipban">80</set>
		<set name="xuid">80</set>
		<!--set name="modlist-mdlist">100</set-->
		<!--set name="mod">100</set--> <!--Do not use this command..under development-->
		<!-- <set name="gravity">80</set> -->		
		<set name="veto">60</set>
		<set name="hardcore">60</set>
		<!-- <set name="friendlyfire-ff">60</set>
		<set name="killcam">60</set>
		<set name="spectate">60</set>
		<set name="scorelimit">60</set>
		<set name="timelimit">60</set>
		<set name="roundlimit-winlimit">60</set>
		<set name="numlives">60</set> -->
		<set name="toadmins">0</set>
		<!--set name="clientip-ip">60</set-->
		<!-- <set name="timescale">60</set>		
		<set name="speed">60</set> -->
		 <!-- <set name="forceban-fban">60</set> -->
		<set name="ipalias">40</set>
		<set name="reset">60</set>	
		<set name="maprestart">60</set>
        <set name="fastrestart-re">60</set>
        <set name="gametype-gt">60</set>
        <!--set name="fgametype">40</set-->
		<set name="map">60</set>
		<set name="mag">80</set>
		<set name="voicechat-vc">40</set>
		<set name="voiceglobal-vg">40</set>
		<set name="thirdperson">40</set>
		<!-- <set name="forcekick-fkick">40</set> -->

		<set name="setnextmap">20</set>	
	<!-- vote commands are made with for administrators on the server, so the admin can call a vote and see who agrees easily -->
		<set name="voteban-vb">10</set>
		<set name="callvote-vote">1</set>
		<set name="voterestart-vr">1</set>
		<set name="votemap-vm">1</set>
		<!--set name="votemod-vmd">20</set-->
		<set name="votegametype-vg">1</set>
		<set name="votekick-vk">1</set>
		<!--set name="mostplayed">1</set-->
		<set name="maplist-mlist">1</set>
		<set name="gametypelist-gtlist">1</set>
		<set name="pm">1</set>
		<!--set name="ignore-block">1</set-->
		<set name="ragequit">1</set>
		<!--set name="laser">100</set-->
		<!--set name="recorddemo-rd">1</set-->
		<set name="timeplayed">1</set>
		<set name="votestatus-vs">1</set>
		<set name="lastmap-prevmap">1</set>
		<!--set name="fpsboost-fps">0</set-->
		<set name="yes-y">0</set>
		<set name="no-n">0</set>
		
		
		<!--FOLLOWING COMMANDS REQUIRES SMV_MOD INSTALLED or add SCRIPT Permisions IN GAME [COD4]-->
		

	
		<set name="explode">100</set> 
		<set name="shock">100</set> 
		<!--set name="scaryshot">60</set-->
		<!--set name="scarynade">60</set-->

		<!--set name="teleport-tp">80</set-->
		<!--set name="compensate">80</set-->
		<!--set name="team">60</set-->

	    <!--<set name="anticampreset">60</set>-->
		<!--set name="anticamp">60</set-->
		<!--<set name="antiwallhack-aw">60</set>-->
		<!--set name="kdratio">100</set-->
		<!--<set name="anticamptime">60</set>-->
		<!--<set name="anticampdist">60</set>-->
		<!--<set name="jump-jmp">60</set> -->
		<set name="jumpmode-jumper">40</set>
		<set name="sniperround-sniper">40</set>
		<set name="saybold-sb">40</set> 	
		<set name="screambold-scb">40</set>
		<set name="playerlist-pl">40</set>	
	    <set name="kniferound-knife">40</set>
		<set name="c4round-c4">40</set> 
		<set name="rpground-rpg">40</set>
		<set name="shotgunround-shotgun">40</set>
		<set name="normalround-normal">40</set>
		<set name="nssniperround-ns">40</set> 
		<set name="spectator-spec">100</set>
		<set name="teambalance-balance">20</set>	
		<!--set name="whcheck-whc">10</set-->
		<!--set name="readme">1</set-->	
        <!--<set name="fov">0</set>-->		
		<!-- <set name="laser">10</set> -->
		<!--set name="adddeath-adddeaths">60</set-->
		<!--set name="addkill-addkills">80</set-->
		<!--set name="addscore">80</set-->
		<!--set name="resetscore-resetplayer">80</set-->
		<!--set name="endmap-end">40</set-->
		<!--set name="kill">80</set-->
		<!--set name="spawn">60</set-->
		<!--<set name="teamswitch-switch">40</set>-->
		<!--set name="damage-dmg">1</set-->
		
		
		
	</settings>
</configuration>