<configuration plugin="spree">
<!--
| The # character splits the 'start' spree from the 'end' spree.
-->
	<settings name="settings">
<!-- Reset spree stats for all clients at map rotation 0 = no, 1 = yes -->
		<set name="reset_spree">1</set>
<!-- The minimum level to be able to use the !spree/@spree command. -->
		<set name="min_level_spree_cmd">1</set>
	</settings>

	<settings name="killingspree_messages">
		<set name="5">^6%player% ^3is on a killing spree ^1(^25 ^3kills in a row^1) # ^6%player% ^3stopped the spree of ^1%victim%</set>
		<set name="10">^6%player% ^3is on ^1fire^3! ^1(^210 ^3kills in a row^1) # ^6%player% ^3iced ^1%victim%</set>
		<set name="15">^6%player% ^3is ^2GODLIKE^3!!! ^1(^215 ^3kills in a row, ^1OMG^3!^1) # ^6%player% ^3took ^1%victim% ^3back to the ^2ground again</set>
		<set name="20">^6%player% ^3is ^1UNSTOPPABLE^2!!! ^1(^220 ^3kills in a row,^2Unfucking Believable^1) # ^2Finally ^6%player% ^3STOPPED ^1%victim%</set>
	</settings>

	<settings name="loosingspree_messages">
		<set name="7">Keep it up %player%, it will come eventually # You're back in business %player%</set>
	</settings>
</configuration>