<configuration plugin="pingwatch">
<!--
|    This plugin will kick and private message players.
|    It will check every 30 seconds (set it with 'interval') the players who have a ping 
|    above 100 (set it with 'max_ping') and a level lower or equal to 1 (set it with 'max_level_checked').
|    
|    The first time a ping is too high the message 'first_ping_warning' gets send to him (personal).
|    Every next time (untill kick time) the message 'reminder_ping_warning' gets send to him (personal).
|    When the player gets kicked, the message 'public_ping_kick_message' gets send (public).
-->
	<settings name="settings">
			<!-- Interval sets the scheduling time. Every '30' seconds B3 checks pings. (Don't set it too low).-->
		<set name="interval">30</set>
			<!-- What is the max ping on your server -->
		<set name="max_ping">500</set>
			<!-- How long before an offender gets kicked -->
		<set name="max_ping_duration">10</set>
			<!-- Which levels get ping checking. In this case, players with level 1 and lower gets checked -->
		<set name="max_level_checked">1</set>
			<!-- Messages getting send -->
	</settings>
	<settings name="messages">
		<set name="first_ping_warning">^3Your ping is too high for this server. ^2If you can, try to reduce it!.</set>
		<set name="reminder_ping_warning">^3Your ping is still too high. ^2You will get kicked automatically. Nothing personal!</set>
			<!-- This public kick message will be displayed in the kick message.-->
			<!-- The kick message will start with : 'player_name' was kicked -->
		<set name="public_ping_kick_message">^3because his ping was too ^1high ^2for this server ($ping).</set>
	</settings>
</configuration>