<configuration plugin="chatter">
  <settings name="commands">
    <set name="say">100</set>
    <set name="tell">100</set>
    <set name="set">100</set>
    <set name="map_rotate">100</set>
    <set name="loadplugin">100</set>
    <set name="unloadplugin">100</set>
    <set name="getss">0</set>
   <set name="record">0</set>
    <set name="stoprecord">0</set>
    <set name="undercover">100</set>
    <set name="advert">100</set>
    <set name="deladvert">100</set>
    <set name="screentell">0</set>
    <set name="screensay">60</set>
  </settings>
</configuration>
