<configuration plugin="votekick">
	<settings name="settings">
		<set name="min_level_vote">2</set>
		
		<set name="vote_times">3</set>
		<set name="vote_interval">3</set>
	</settings>
	
	<settings name="votekick">
		<set name="min_level_kick">2</set>
		
		<set name="tempban_minvotes">3</set>
		<set name="tempban_interval">3</set>
		<set name="tempban_percent">75</set>
	</settings>	
	
	<settings name="votemap">
		<set name="min_level_map">2</set>		
		<set name="mapfile">@b3/conf/maplist.txt</set>
	</settings>
	
</configuration>
