<configuration>
<!-- 
 If you want to generate a new config file and make sure the format is 
 correct, you can invoke the setup procedure with the 
 command : b3_run -s b3.xml

 This is B3 main config file (the one you specify when you run B3 with the 
 command : b3_run -c b3.xml) 

 For any change made in this config file, you have to restart the bot.
 Whenever you can specify a file/directory path, the following shortcuts
 can be used :
    @b3 : the folder where B3 code is installed in
    @conf : the folder containing this config file
 -->
    <settings name="b3">
        <!--
            Next line: the parser defines the game:
                arma2/arma3
                bfbc2/bf3/bf4/moh/mohw
                cod/cod2/cod4/cod4gr/cod5/cod6/cod7/cod8
                iourt41/iourt42
                et/etpro/altitude/oa081/smg/smg11/sof2/sof2pm/wop/wop15
                chiv/csgo/homefront/insurgency/ravaged/ro2/
            (it should NOT be 'changeme')
        -->
        <set name="parser">changeme</set>
        <!-- Your database info: [protocol]://[db-user]:[db-password]@[db-server[:port]]/[db-name] -->
        <set name="database">mysql://b3:password@localhost/b3</set>
        <!-- Name of the bot -->
        <set name="bot_name">b3</set>
        <!-- Ingame messages are prefixed with this code, you can use colorcodes -->
        <set name="bot_prefix">^0(^2b3^0)^7:</set>
        <!-- Time format to use to format time strings (also used by the !time command of the Admin Plugin -->
        <set name="time_format">%I:%M%p %Z %m/%d/%y</set>
        <!-- The timezone your bot is in -->
        <set name="time_zone">CST</set>
        <!-- How much detail in the b3 logfile: 9 = verbose, 10 = debug, 21 = bot, 22 = console -->
        <set name="log_level">9</set>
        <!-- Name of the logfile the bot will generate -->
        <set name="logfile">b3.log</set>
    </settings>
    <settings name="server">
        <!-- The RCON pass of your gameserver -->
        <set name="rcon_password">password</set>
        <!-- The port the server is running on -->
        <set name="port">27960</set>
        <!-- The gameserver generates a logfile, put the path and name here (very important !) -->
        <set name="game_log">games_mp.log</set>
        <!-- If you want to run b3 on a different computer than where your server reside (remote access to the gamelog),
             you can connect via ftp or http by using the following syntax: 
                <set name="game_log">ftp://username:password@serverhost/path/to/games_mp.log</set>
                <set name="game_log">http://serverhost/path/to/games_mp.log</set>
            Note: you can protect your http access with a .htaccess, b3 can authenticate itself.
        -->
        <!-- The public IP your gameserver is residing on -->
        <set name="public_ip">127.0.0.1</set>
        <!-- The IP the bot can use to send RCON commands to (127.0.0.1 when on the same box) -->
        <set name="rcon_ip">127.0.0.1</set>
        <!-- Is the gameserver running PunkBuster Anticheat: on/off -->
        <set name="punkbuster">on</set>
        <!-- Delay between each log reading. Set a higher value to consume less disk ressources or bandwidth if you
             remotely connect (ftp or http remote log access) -->
        <set name="delay">0.33</set>
        <!-- Number of lines to process per second. Set a lower value to consume less CPU ressources -->
        <set name="lines_per_second">50</set>
    </settings>
    <settings name="autodoc">
        <!-- Autodoc will generate a user documentation for all B3 commands 
         * type : can be one of : html, htmltable, xml, json
         * maxlevel : if you want to exclude commands reserved for higher levels
         * destination : can be a file or a ftp url
         by default, a html documentation is created in your conf folder
        -->
        <set name="type">html</set>
        <set name="maxlevel">100</set>
        <!-- <set name="destination">C:\Users\b3\Desktop\test_doc.htm</set> -->
        <!-- <set name="destination">ftp://user:pass@somewhere.com/www/test_doc.htm</set> -->
    </settings>
    <settings name="update">
        <!-- B3 checks if a new version is available at startup. Choose here what channel you want to check against.
            Available channels are :
                stable : will only show stable releases of B3
                beta : will also check if a beta release is available
                dev : will also check if a development release is available
            If you don't know what channel to use, use 'stable'.

                skip : will skip the update check
        -->
        <set name="channel">stable</set>
    </settings>
    <settings name="messages">
        <set name="kicked_by">^3$clientname^7 was kicked by ^2$adminname^7 $reason</set>
        <set name="kicked">^3$clientname^7 was kicked ^1$reason</set>
        <set name="banned_by">^3$clientname^7 was banned by ^2$adminname^7 $reason</set>
        <set name="banned">^2$clientname^7 was banned ^1$reason</set>
        <set name="temp_banned_by">^3$clientname^7 was temp banned by ^1$adminname^7 for $banduration^7 ^1$reason</set>
        <set name="temp_banned">^2$clientname^7 was temp banned for $banduration^7 ^1$reason</set>
        <set name="unbanned_by">^3$clientname^7 was un-banned by $adminname^7 ^1$reason</set>
        <set name="unbanned">^2$clientname^7 was un-banned^7 ^1$reason</set>
    </settings>
    <settings name="plugins">
        <set name="external_dir">@b3/extplugins</set>
    </settings>
    <plugins>
        <!--
            You can load a plugin but having it disabled by default. This
            allows to later enabled it ingame with the !enable command. To do so use
            the following syntax :
                <plugin name="adv" config="@b3/conf/plugin_adv.xml" disabled="yes"/>
            
            You can override the plugin path (official plugins and extplugins folders) 
            by specifying the exact location of the plugin file with the 'path' attribute : 
                <plugin name="adv" config="@b3/conf/plugin_adv.xml" path="c:/somewhere/else/"/>
        -->
        <plugin name="admin" config="@b3/conf/plugin_admin.ini" />
        <plugin name="adv" config="@b3/conf/plugin_adv.xml" />
        <plugin name="censor" config="@b3/conf/plugin_censor.xml" />
        <plugin name="cmdmanager" config="@b3/conf/plugin_cmdmanager.ini" />
        <plugin name="pingwatch" config="@b3/conf/plugin_pingwatch.ini" />
        <plugin name="pluginmanager" config="@b3/conf/plugin_pluginmanager.ini" />
        <plugin name="punkbuster" config="@b3/conf/plugin_punkbuster.ini" />
        <plugin name="spamcontrol" config="@b3/conf/plugin_spamcontrol.ini" />
        <plugin name="stats" config="@b3/conf/plugin_stats.ini" />
        <plugin name="status" config="@b3/conf/plugin_status.ini" />
        <plugin name="tk" config="@b3/conf/plugin_tk.ini" />
        <plugin name="welcome" config="@b3/conf/plugin_welcome.ini" />

        <!-- The following plugins have been included recently in B3 as official plugins. They are disabled by
             default. You can enable them by removing the surrounding comment symbols. -->

        <!-- <plugin name="afk" config="@b3/conf/plugin_afk.ini" /> -->
        <!-- <plugin name="banlist" config="@b3/conf/plugin_banlist.xml" /> -->
        <!-- <plugin name="callvote" config="@b3/conf/plugin_callvote.ini" /> -->
        <!-- <plugin name="censorurt" config="@b3/conf/plugin_censorurt.xml" /> -->
        <!-- <plugin name="chatlogger" config="@b3/conf/plugin_chatlogger.ini" /> -->
        <!-- <plugin name="countryfilter" config="@b3/conf/plugin_countryfilter.ini" /> -->
        <!-- <plugin name="customcommands" config="@b3/conf/plugin_customcommands.ini" /> -->
        <!-- <plugin name="duel" /> -->
        <!-- <plugin name="firstkill" config="@b3/conf/plugin_firstkill.ini" /> -->
        <!-- <plugin name="geowelcome" config="@b3/conf/plugin_geowelcome.ini" /> -->
        <!-- <plugin name="ipban" config="@b3/conf/plugin_ipban.ini" /> -->
        <!-- <plugin name="jumper" config="@b3/conf/plugin_jumper.ini" /> -->
        <!-- <plugin name="location" config="@b3/conf/plugin_location.ini" /> -->
        <!-- <plugin name="makeroom" config="@b3/conf/plugin_makeroom.ini" /> -->
        <!-- <plugin name="netblocker" config="@b3/conf/plugin_netblocker.ini" /> -->
        <!-- <plugin name="nickreg" config="@b3/conf/plugin_nickreg.ini" /> -->
        <!-- <plugin name="poweradminbf3" config="@b3/conf/plugin_poweradminbf3.ini" /> -->
        <!-- <plugin name="poweradminbfbc2" config="@b3/conf/plugin_poweradminbfbc2.ini" /> -->
        <!-- <plugin name="poweradmincod7" config="@b3/conf/plugin_poweradmincod7.xml" /> -->
        <!-- <plugin name="poweradminhf" config="@b3/conf/plugin_poweradminhf.ini" /> -->
        <!-- <plugin name="poweradminmoh" config="@b3/conf/plugin_poweradminmoh.ini" /> -->
        <!-- <plugin name="poweradminurt" config="@b3/conf/plugin_poweradminurt.ini" /> -->
        <!-- <plugin name="spawnkill" config="@b3/conf/plugin_spawnkill.ini" /> -->
        <!-- <plugin name="spree" config="@b3/conf/plugin_spree.ini" /> -->
        <!-- <plugin name="translator" config="@b3/conf/plugin_translator.ini" /> -->
        <!-- <plugin name="urtserversidedemo" config="@b3/conf/plugin_urtserversidedemo.ini" /> -->
        <!-- <plugin name="xlrstats" config="@b3/conf/plugin_xlrstats.ini" /> -->

    </plugins>
</configuration>