<?xml version="1.0" encoding="UTF-8"?>
<!--Created by BigBrotherBot Config File Generator at http://config.bigbrotherbot.net (08 Nov 2014 - Sat 20:37:50 CET)-->
<configuration>
  <settings name="b3">
    <set name="bot_name">b3</set>
    <set name="bot_prefix"></set>
    <set name="time_format">^5%I^7:^5%M%p ^5%d^7-^5%m^7-^5%y</set>
    <set name="time_zone">IST</set>
    <set name="log_level">9</set>
    <set name="logfile">/home/ogp_agent/OGP_User_Files/b3/logs/b3.log</set>
    <set name="parser">cod4x</set>
    <set name="database">mysql://wyverns:wyverns@localhost/wyverns</set>
  </settings>
  <settings name="server">
    <set name="rcon_password">wyverns@softcore</set>
    <set name="port">28960</set>
    <set name="public_ip">139.59.60.71</set>
    <set name="rcon_ip">139.59.60.71</set>
    <set name="delay">0.33</set>
    <set name="lines_per_second">50</set>
    <set name="punkbuster">off</set>
    <set name="game_log">/home/ogp_agent/OGP_User_Files/65/main_smv_28960/games_mp.log</set>
  </settings>
  <settings name="autodoc">
    <set name="type">xml</set>
    <set name="maxlevel">100</set>
    <set name="destination">/home/ogp_agent/OGP_User_Files/b3/logs/b3_doc.xml</set>
  </settings>
  <settings name="update">
    <set name="channel">stable</set>
  </settings>
  <settings name="messages">
		<set name="kicked_by">$clientname^7 was kicked by $adminname^7 $reason</set>
		<set name="kicked">$clientname^7 was kicked $reason</set>
		<set name="banned_by">$clientname^7 was banned by $adminname^7 $reason</set>
		<set name="banned">$clientname^7 was banned $reason</set>
		<set name="temp_banned_by">$clientname^7 was temp banned by $adminname^7 for $banduration^7 $reason</set>
		<set name="temp_banned">$clientname^7 was temp banned for $banduration^7 $reason</set>
		<set name="unbanned_by">$clientname^7 was un-banned by $adminname^7 $reason</set>
		<set name="unbanned">$clientname^7 was un-banned $reason</set>
  </settings>
  <settings name="plugins">
    <set name="external_dir">@b3/extplugins</set>
  </settings>
  <plugins>
    <plugin name="admin" config="@conf/plugin_admin.xml"/>
   <plugin name="location" config="@b3/extplugins/conf/plugin_location.ini"/>
    <plugin name="stats" config="@conf/plugin_stats.xml"/>
    <plugin name="adv" config="@conf/plugin_adv.xml"/>
    <plugin name="status" config="@conf/plugin_status.xml"/>
    <plugin name="customcommands" config="@b3/extplugins/conf/plugin_customcommands.ini"/>
    <plugin name="xlrstats" config="@b3/extplugins/conf/xlrstats.xml"/>
	<plugin name="firstkill" config="@b3/extplugins/conf/firstkill.xml"/>
	<plugin name="topkiller" config="@b3/extplugins/conf/plugin_topkiller.xml"/>
	<plugin name="pingkicker" config="@b3/extplugins/conf/plugin_pingkicker.xml"/>
    <plugin name="autoreg" config="@b3/extplugins/conf/autoreg.ini"/>
    <plugin name="ctime" config="@b3/extplugins/conf/plugin_ctime.xml"/>
	<plugin name="mute" config="@b3/extplugins/conf/plugin_mute.xml"/>
	<plugin name="spree" config="@b3/extplugins/conf/plugin_spree.xml"/>
	<plugin name="website" config="@b3/extplugins/conf/plugin_website.xml"/>
	<plugin name="htadmin" config="@b3/extplugins/conf/htadmin.xml"/>
	<plugin name="poweradmin" config="@b3/extplugins/conf/poweradmin.xml"/>
 <plugin name="autoadmin" config="@b3/extplugins/conf/plugin_autoadmin.xml"/>
  <plugin name="cmdlevel" config="@b3/extplugins/conf/cmdlevel.xml"/>
  <plugin name="banlist" config="@b3/extplugins/conf/plugin_banlist.xml"/>
   <plugin name="codxcommands" config="@b3/extplugins/conf/plugin_codxcommands.xml"/>
  </plugins>
</configuration>
