<configuration plugin="spamcontrol">
    <!--
    Groups are (keyword / level : description)
    ==============================================
    superadmin / 100 : Super admin (server owner)
    senioradmin / 80 : Senior admins
    fulladmin / 60   : Full admins
    admin / 40       : Admins
    mod / 20         : Moderators
    reg / 2          : Regular players (VIP)
    user / 1         : Registered players (those who typed !register)
    guest / 0        : Unregistered players
    -->

	<settings name="commands">
        <!-- minimum group to be able to use the !spamins command -->
        <set name="spamins">mod</set>
    </settings>

	<settings name="settings">
        <!-- maximum spam points allowed -->
		<set name="max_spamins">10</set>

        <!-- immunity level. Players from that group won't ever get warned for spam -->
        <set name="mod_level">mod</set>

        <!-- rate at which spam points decrease with time -->
		<set name="falloff_rate">6.5</set>
	</settings>
</configuration>