<?xml version="1.0" encoding="UTF-8"?>
<B3Status Time="Sat Oct  1 13:00:00 2016">
        <Game CaptureLimit="" FragLimit="" Ip="91.121.79.95" Map="mp_crash" MapTime="4411" Name="cod4" OnlinePlayers="0" Port="29000" RoundTime="47" Rounds="4989" TimeLimit="" Type="sd">
                <Data Name="protocol" Value="6"/>
                <Data Name="gameName" Value="cod4"/>
                <Data Name="sv_privateClients" Value="2"/>
                <Data Name="_admin" Value="4m[!]T3uE"/>
                <Data Name="sv_maxRate" Value="25000"/>
                <Data Name="_mapTimeStart" Value="1475315189"/>
                <Data Name="_CoD4 X Creator" Value="Ninjaman, TheKelm @ http://iceops.in"/>
                <Data Name="rounds" Value="4989"/>
                <Data Name="_mapName" Value="mp_crash"/>
                <Data Name="sv_disableClientConsole" Value="0"/>
                <Data Name="uptime" Value="50 hours"/>
                <Data Name="console" Value="&lt;b3.parsers.cod4.Cod4Parser object at 0x2013d50&gt;"/>
                <Data Name="gamename" Value="Call of Duty 4"/>
                <Data Name="fs_game" Value=""/>
                <Data Name="_Console" Value="BigbrotherBot or Manuadminmod"/>
                <Data Name="version" Value="CoD4 X 1.7a linux-i386-custom_debug build 3360 Feb 20 2016"/>
                <Data Name="build" Value="3360"/>
                <Data Name="sv_pure" Value="1"/>
                <Data Name="_roundTimeStart" Value="1475319553"/>
                <Data Name="sv_voice" Value="0"/>
                <Data Name="_Included" Value="OGP Control Panel, Echelon"/>
                <Data Name="sv_minPing" Value="0"/>
                <Data Name="fs_homepath" Value="/home/ogp_agent/twt_promod"/>
                <Data Name="sv_punkbuster" Value="0"/>
                <Data Name="sv_maxclients" Value="28"/>
                <Data Name="sv_hostname" Value=" ^7..::^2TwT Promod ^5S^3&amp;^5D^7::.. [ ^1Defence^7/^1Attack: ^111 ^7] ^7[ ^3Defence^7/^3Attack: ^19 ^7] ^7[ ^5Rounds: ^1 19 ^7] ^1IP:."/>
                <Data Name="sv_floodprotect" Value="1"/>
                <Data Name="_Contact" Value="Email: xfinityhostlive@gmail.com"/>
                <Data Name="_Location" Value="Strassburg (by OVH)"/>
                <Data Name="_Info" Value="Selling - COD4, TS3, MusicBot"/>
                <Data Name="fs_basepath" Value="/home/ogp_agent/a99_snd"/>
                <Data Name="g_compassShowEnemies" Value="0"/>
                <Data Name="g_mapStartTime" Value="Sat Oct  1 12:08:41 2016"/>
                <Data Name="gameType" Value="sd"/>
                <Data Name="shortversion" Value="1.7a"/>
                <Data Name="_Host" Value="Xfinity-Host"/>
                <Data Name="sv_maxPing" Value="999"/>
        </Game>
        <Clients Total="0"/>
</B3Status>
