<configuration plugin="admin">
	<settings name="commands">
        <!--
        Define here what minimum group users must be in to use commands.

        Groups are (keyword / level : description)
        ==============================================
        superadmin / 100 : Super admin (server owner)
        senioradmin / 80 : Senior admins
        fulladmin / 60   : Full admins
        admin / 40       : Admins
        mod / 20         : Moderators
        reg / 2          : Regular players (VIP)
        user / 1         : Registered players (those who typed !register)
        guest / 0        : Unregistered players
        -->
		<set name="enable">superadmin</set>
		<set name="disable">superadmin</set>
		<set name="die">superadmin</set>
		<set name="reconfig">superadmin</set>
		<set name="restart">superadmin</set>
		<set name="mask-m">superadmin</set>
		<set name="unmask-um">superadmin</set>
		<set name="runas-su">superadmin</set>

		<set name="pause">superadmin</set>
		<set name="rebuild">superadmin</set>
		<set name="clientinfo">senioradmin</set>
		<set name="putgroup-pg">superadmin</set>
		<set name="ungroup-ug">superadmin</set>

		<set name="permban-pb">senioradmin</set>
		<set name="map-m">senioradmin</set>
		<set name="maprotate">senioradmin</set>
		<set name="warnclear-wc">senioradmin</set>
		<set name="clear-kiss">senioradmin</set>
		<set name="lookup-lu">senioradmin</set>
		<set name="makereg-mr">senioradmin</set>
		<set name="unreg-ur">senioradmin</set>
		<set name="spankall-sall">senioradmin</set>
		<set name="banall-ball">superadmin</set>
		<set name="kickall-kall">superadmin</set>
		<set name="pbss">superadmin</set>

		<set name="ban-b">fulladmin</set>
		<set name="unban">superadmin</set>
		<set name="spank-sp">fulladmin</set>

		<set name="tempban-tb">admin</set>
        <set name="baninfo-bi">admin</set>
        <set name="lastbans-lbans">admin</set>
		<set name="kick-k">fulladmin</set>
		<set name="admintest">admin</set>
		<set name="scream-sc">admin</set>
		<set name="notice">admin</set>

		<set name="find-f">mod</set>
		<set name="aliases-aa">mod</set>
		<set name="warns">mod</set>
		<set name="warninfo-wi">mod</set>
		<set name="warnremove-wr">mod</set>
		<set name="warn-w">mod</set>
		<set name="warntest-wt">mod</set>
		<set name="spams">mod</set>
		<set name="spam">mod</set>
		<set name="list">mod</set>
		<set name="admins-ad">guest</set>
		<set name="say">mod</set>
		<set name="status">mod</set>
		<set name="leveltest-lt">mod</set>
		<set name="poke">mod</set>

		<set name="b3">user</set>

		<set name="seen">reg</set>
		<set name="maps">reg</set>
		<set name="nextmap-nm">reg</set>

        <set name="regulars-regs">user</set>
		<set name="regtest">user</set>
		<set name="time">user</set>

		<set name="help-h">guest</set>
		<set name="register">guest</set>
		<set name="rules-r">guest</set>
	</settings>
	<settings name="settings">
    <!-- noreason_level : admin from this level are not required to specify a reason when giving penalties to players -->
		<set name="noreason_level">superadmin</set>
		<!-- hidecmd_level : level required to be able to use hidden commands. On quake3 based games, a hidden command can be issued by 
		telling to command to oneself -->
		<set name="hidecmd_level">senioradmin</set>
		<!-- long_tempban_level : admin level required to be able to issue bans longer than long_tempban_max_duration -->
		<set name="long_tempban_level">senioradmin</set>
		<!-- long_tempban_max_duration : maximum ban duration that can be inflicted by admin of level below long_tempban_level -->
		<set name="long_tempban_max_duration">1d</set>
		<!-- command_prefix : the prefix that should be put before b3 commands -->
		<set name="command_prefix">!</set>
		<!-- comamnd_prefix_loud : some commands can have their result broadcasted to the whole player crowed instead of only to 
		the player issuing the command. To have such a behavior, use this command prefix instead -->
		<set name="command_prefix_loud">@</set>
		<!-- command_prefix_big : some commands can have their result broadcasted to the whole player crowed as a bigtext. 
		To have such a behavior, use this command prefix instead -->
		<set name="command_prefix_big"><![CDATA[&]]></set>
		<!-- admins_level : minimum level for groups to consider as admins -->
		<set name="admins_level">mod</set>
		<!-- ban_duration : tempban duration to apply to the !ban and !banall commands -->
		<set name="ban_duration">1h</set>
	</settings>
	<settings name="messages">
		<set name="ban_denied">^3Hey %s^2, you're no Elvis, ^3can't ban %s</set>
		<set name="help_available">^3Available commands: %s</set>
		<set name="temp_ban_self">^2%s ^3Can't ban yourself newb</set>
		<set name="groups_in">^3%s^2 is in groups %s</set>
		<set name="say">^3%s^2: %s</set>
		<set name="player_id">^3%s [^2%s^7]</set>
		<set name="seen">^3%s ^2was last seen on %s</set>
		<set name="help_no_command">^3Command not ^2found %s</set>
		<set name="lookup_found">^3[^2@%s^7] %s^2 [^3%s^7]</set>
		<set name="kick_self">^3%s ^2Can't ^3kick yourself newb!</set>
		<set name="groups_welcome">^3You are now a ^2%s</set>
		<set name="warn_denied">%s^3, %s^2 owns you, can't warn</set>
		<set name="groups_already_in">^3%s^2 is already in group %s</set>
		<set name="temp_ban_denied">^3Hey %s^2, you're no ^1Red ^3Elvis, can't temp ban %s</set>
		<set name="players_matched">^3Players matching ^2%s %s</set>
		<set name="ban_self">^3%s ^2Can't ban ^3yourself ^2newb!</set>
		<set name="regme_annouce">^3%s ^2put in ^3group %s</set>
		<set name="kick_denied">^3%s^2 gets 1 point, %s^3 gets none, %s^2 wins, can't ^3kick</set>
		<set name="no_players">^3No players ^2found ^3matching %s</set>
		<set name="spanked_reason">%s ^3was ^1SPANKED^2 by %s ^3for %s</set>
		<set name="groups_added">^3%s ^2added to ^3group %s</set>
		<set name="groups_put">^3%s ^2put in ^3group %s</set>
		<set name="groups_none">^3%s^2 is not in any ^3groups</set>
		<set name="help_command">^3%s%s ^2%s</set>
		<set name="warn_self">^3%s ^2Can't ^3warn ^2yourself newb!</set>
		<set name="regme_regged">^3You are ^2now a %s</set>
		<set name="help_none">^3You have no ^2available ^3commands</set>
		<set name="spanked">%s ^3was ^1SPANKED^7 by %s</set>
		<set name="admins">^3Admins ^2online: %s</set>
		<set name="regulars">^3Regular ^2players ^3online: %s</set>
		<set name="no_regulars">^3There are no ^2regular players ^3online</set>
		<set name="time">^3At the sound of ^2the beep it will be ^3%s^2...(beeeep)</set>
		<set name="unknown_command">^3Command Is Unknown ^2command %s</set>
		<set name="leveltest">^3%s ^2[^3@%s^7] is a ^3%s ^2[^2%s^7] since %s</set>
		<set name="leveltest_nogroups">^3%s ^2[^3@%s^7] is not in any ^3groups</set>
		<set name="aliases">^3%s^2 aliases: %s</set>
    <set name="cmd_plugin_disabled">^3cannot execute ^2command. ^3Plugin ^2disabled</set>
	</settings>
	<settings name="warn">
		<!-- pm_global determines whether the warning is sent to the the whole server, or just the player and admin, to reduce chatbox spam.
0 is whole server, 1 is private.
-->
		<set name="pm_global">0</set>
		<!-- alert_kick_num : if a player reach this number of active warnings he will be notified by with message then tempbanned -->
		<set name="alert_kick_num">4</set>
		<!-- instant_kick_num : if a player reach this number of active warnings he will be tempbanned right away -->
		<set name="instant_kick_num">5</set>
		<!-- tempban_num : when the number of warnings goes over this limit, the player is tempban for tempban_duration -->
		<set name="tempban_num">6</set>
		<!-- tempban_duration : for how long to tempban a players whose number of warning exceeded tempban_num -->
		<set name="tempban_duration">1d</set>
		<!-- max_duration : when the bot decides to tempban (warning exceeding alert_kick_num) the ban duration is 
		computed from the duration of each of the active warnings but will never exceed max_duration -->
		<set name="max_duration">1d</set>
		<!-- message : template for building warning messages -->
		<set name="message">^1WARNING^7 [^3$warnings^7]: $reason ^3it's not personal!!</set>
		<!-- warn_delay : an given player cannot only be given one warning every warn_delay seconds -->
		<set name="warn_delay">15</set>
		<!-- reason : template for building warning message when a player exceeds the tolerated number of warnings -->
		<set name="reason">^7too many warnings: $reason ^3it's not personal</set>
		<!-- duration_divider : tempbanned duration is computed from the sum of all active warnings durations divided by duration_divider -->
		<set name="duration_divider">30</set>
		<!-- alert : when a player receives his last warning tolerated warning, this message is broadcasted so an admin can decide to clear it and
		this teaches other players too -->
		<set name="alert">^1ALERT^7: $name^7 auto-kick from warnings if not cleared [^3$warnings^7] $reason</set>
    <!-- warn_command_abusers will make the bot warn players who try to use command they don't have suffisent rights to use or warn
    players who try invalid commands  -->
    <set name="warn_command_abusers">yes</set>
	</settings>
	<settings name="spamages">
    <!-- You can define shortcuts to messages that can be used with the !spam command. Note if the message shortcut is of 
    the form 'rule#' where # is a number between 1 and 20, they will be used for the !rules command. -->	
		<set name="vent">^3Ventrilo voice chat: ^269.93.232.106:3803 ^3password ^2nffoov^3, www.ventrilo.org</set>
		<set name="join">^3Join Austin Server by signing up on the forums at www.austinserver.com</set>
		<set name="forum">^3Visit the Austin Server forums at www.austinserver.com</set>
		<set name="rtfm">^3RTFM! www.austinservers.com</set>
		<set name="stack">^7No clan stacking, members must split evenly between the teams, go spectator and wait if you have to</set>

		<set name="rule1">^3Rule #1: ^1No racism of any kind</set>
		<set name="rule2">^3Rule #2: ^1No clan stacking, members must split evenly between the teams</set>
		<set name="rule3">^3Rule #3: ^1No arguing with admins (listen and learn or leave)</set>
		<set name="rule4">^3Rule #4: ^1No abusive language or behavior towards admins or other players</set>
		<set name="rule5">^3Rule #5: ^1No offensive or potentially offensive names, annoying names, or in-game (double caret (^)) color in names</set>
		<set name="rule6">^3Rule #6: ^1No recruiting for your clan, your server, or anything else</set>
		<set name="rule7">^3Rule #7: ^1No advertising or spamming of websites or servers</set>
		<set name="rule8">^3Rule #8: ^1No profanity or offensive language (in any language)</set>
		<set name="rule9">^3Rule #9: ^1Do ^1NOT ^3fire at teammates or within 10 seconds of spawning</set>
		<set name="rule10">^3Rule #10: ^1Offense players must play for the objective and support their team</set>
	</settings>
	<settings name="warn_reasons">
	  <!-- Define here shorcuts for warning reasons. Those shortcuts can be used with the !kick, !tempban, !ban, and !permban commands.
	  The format of warning reasons can be of the form "<duration>, <message>". The duration defines how long such a warning will 
	  last before expiring. The message is what will be sent to the player.
	  NOTE : in the message, you can make reference to an existing spammage shortcut by using the form '/spam#<spammage keyword>'  
	  NOTE2 : you can define warning shortcuts aliases if you don't use duration and the message is of the form '/<warn shortcut>'-->
		<set name="generic">1h, ^7</set>
		<set name="default">1h, ^7behave yourself</set>

		<set name="rule1">10d, /spam#rule1</set>
		<set name="rule2">1d, /spam#rule2</set>
		<set name="rule3">1d, /spam#rule3</set>
		<set name="rule4">1d, /spam#rule4</set>
		<set name="rule5">1h, /spam#rule5</set>
		<set name="rule6">1d, /spam#rule6</set>
		<set name="rule7">1d, /spam#rule7</set>
		<set name="rule8">3d, /spam#rule8</set>
		<set name="rule9">3h, /spam#rule9</set>
		<set name="rule10">3d, /spam#rule10</set>

		<set name="stack">10m, /spam#stack</set>

		<set name="lang">/rule8</set>
		<set name="language">/rule8</set>
		<set name="cuss">/rule8</set>
		<set name="profanity">/rule8</set>

		<set name="name">/rule5</set>
		<set name="color">1h, ^7No in-game (double caret (^)) color in names</set>
		<set name="badname">1h, ^7No offensive, potentially offensive, or annoying names</set>
		<set name="spec">/spectator</set>


		<set name="adv">/rule7</set>
		<set name="racism">/rule1</set>
		<set name="stack">/rule2</set>
		<set name="recruit">/rule6</set>
		<set name="argue">/rule3</set>
		<set name="sfire">/rule9</set>
		<set name="spawnfire">/rule9</set>
		<set name="jerk">/rule4</set>

		<set name="afk">5m, ^7you appear to be away from your keyboard</set>
		<set name="tk">1d, ^7stop team killing!</set>
		<set name="obj">1h, ^7go for the objective!</set>
		<set name="camp">1h, ^7stop camping or you will be kicked!</set>
		<set name="fakecmd">1h, ^7do not use fake commands</set>
		<set name="nocmd">1h, ^7do not use commands that you do not have access to, try using !help</set>
		<set name="ci">5m, ^7connection interupted, reconnect</set>
		<set name="spectator">5m, ^7spectator too long on full server</set>
		<set name="spam">1h, ^7do not spam, shut-up!</set>
		<set name="ping">^2your ^1PING ^2is too high!</set>
	</settings>
</configuration>